Match ID,Champion,Is_User,Lane,Kills,Deaths,Assists,KDA,Is_Win,Side,Match Type,First Blood,First Tower,Gold,Minions,Ward Score,Match Duration
1413958758,Gangplank,user,Top Lane,10,2,14,12.0,Win,Blue,ranked_flex_fives,0,0,15573,217,20,1559
1413958758,Gragas,other,Jungle,8,5,14,4.4,Win,Blue,ranked_flex_fives,0,0,10944,10,21,1559
1413958758,Lux,other,Mid Lane,12,3,9,7.0,Win,Blue,ranked_flex_fives,0,0,11413,155,14,1559
1413958758,Caitlyn,other,Bottom Lane,11,1,10,21.0,Win,Blue,ranked_flex_fives,1,1,12780,166,36,1559
1413958758,Milio,other,Utility,1,3,19,6.67,Win,Blue,ranked_flex_fives,0,0,8684,18,44,1559
1413958758,Sion,other,Top Lane,4,7,1,0.71,Loss,Red,ranked_flex_fives,0,0,10047,156,10,1559
1413958758,Poppy,other,Jungle,4,9,6,1.11,Loss,Red,ranked_flex_fives,0,0,8189,19,24,1559
1413958758,Diana,other,Mid Lane,2,5,6,1.6,Loss,Red,ranked_flex_fives,0,0,9156,124,9,1559
1413958758,Xayah,other,Bottom Lane,2,11,3,0.45,Loss,Red,ranked_flex_fives,0,0,8380,142,16,1559
1413958758,Pyke,other,Utility,2,10,3,0.5,Loss,Red,ranked_flex_fives,0,0,7266,31,42,1559
1413947000,Gangplank,user,Top Lane,4,0,11,15.0,Win,Blue,ranked_flex_fives,0,0,15642,222,23,2011
1413947000,Lillia,other,Jungle,3,6,7,1.67,Win,Blue,ranked_flex_fives,0,0,12374,38,38,2011
1413947000,Vex,other,Mid Lane,6,2,7,6.5,Win,Blue,ranked_flex_fives,0,0,12803,210,20,2011
1413947000,Jhin,other,Bottom Lane,13,3,4,5.67,Win,Blue,ranked_flex_fives,0,0,15515,206,30,2011
1413947000,Milio,other,Utility,0,3,18,6.0,Win,Blue,ranked_flex_fives,0,0,9190,23,77,2011
1413947000,Shen,other,Top Lane,3,7,2,0.71,Loss,Red,ranked_flex_fives,1,0,8831,135,26,2011
1413947000,Taliyah,other,Jungle,7,5,3,2.0,Loss,Red,ranked_flex_fives,0,0,14165,47,36,2011
1413947000,Ryze,other,Mid Lane,3,5,4,1.4,Loss,Red,ranked_flex_fives,0,1,13745,293,32,2011
1413947000,Caitlyn,other,Bottom Lane,1,4,4,1.25,Loss,Red,ranked_flex_fives,0,0,12439,264,20,2011
1413947000,Nautilus,other,Utility,0,5,8,1.6,Loss,Red,ranked_flex_fives,0,0,7883,47,79,2011
1413933942,Jayce,other,Top Lane,3,7,5,1.14,Loss,Blue,ranked_flex_fives,1,0,10277,164,32,2064
1413933942,Graves,other,Jungle,10,9,2,1.33,Loss,Blue,ranked_flex_fives,0,0,15075,33,41,2064
1413933942,Taliyah,other,Mid Lane,9,5,8,3.4,Loss,Blue,ranked_flex_fives,0,0,18204,238,32,2064
1413933942,Yasuo,other,Bottom Lane,2,6,4,1.0,Loss,Blue,ranked_flex_fives,0,0,11737,208,10,2064
1413933942,Gragas,other,Utility,0,9,10,1.11,Loss,Blue,ranked_flex_fives,0,0,8145,23,94,2064
1413933942,Sion,user,Top Lane,8,3,17,8.33,Win,Red,ranked_flex_fives,0,1,15285,251,36,2064
1413933942,Lee Sin,other,Jungle,12,10,11,2.3,Win,Red,ranked_flex_fives,0,0,14723,25,33,2064
1413933942,Vex,other,Mid Lane,8,5,18,5.2,Win,Red,ranked_flex_fives,0,0,12422,176,27,2064
1413933942,Jinx,other,Bottom Lane,8,6,14,3.67,Win,Red,ranked_flex_fives,0,0,14251,193,36,2064
1413933942,Milio,other,Utility,0,0,32,32.0,Win,Red,ranked_flex_fives,0,0,9224,29,89,2064
1413923629,Gangplank,user,Top Lane,7,6,6,2.17,Win,Blue,ranked_flex_fives,0,0,14342,230,25,1788
1413923629,Ekko,other,Jungle,3,8,10,1.62,Win,Blue,ranked_flex_fives,0,0,10814,32,22,1788
1413923629,Syndra,other,Mid Lane,8,3,4,4.0,Win,Blue,ranked_flex_fives,0,0,13291,189,15,1788
1413923629,Jinx,other,Bottom Lane,8,4,8,4.0,Win,Blue,ranked_flex_fives,0,0,12265,183,25,1788
1413923629,Milio,other,Utility,1,2,19,10.0,Win,Blue,ranked_flex_fives,0,0,8991,25,63,1788
1413923629,Diana,other,Jungle,3,4,4,1.75,Loss,Red,ranked_flex_fives,0,0,11204,63,30,1788
1413923629,Orianna,other,Mid Lane,7,6,6,2.17,Loss,Red,ranked_flex_fives,0,0,11362,166,27,1788
1413923629,Teemo,other,Jungle,5,6,1,1.0,Loss,Red,ranked_flex_fives,1,0,9114,129,12,1788
1413923629,Tristana,other,Bottom Lane,6,4,6,3.0,Loss,Red,ranked_flex_fives,0,0,12096,164,30,1788
1413923629,Blitzcrank,other,Utility,1,7,13,2.0,Loss,Red,ranked_flex_fives,0,0,7587,10,66,1788
1413822048,Twisted Fate,user,Top Lane,5,9,6,1.22,Loss,Blue,ranked_solo_fives,0,0,11556,183,19,1926
1413822048,Zac,other,Jungle,2,5,9,2.2,Loss,Blue,ranked_solo_fives,0,0,8793,16,24,1926
1413822048,Xerath,other,Mid Lane,10,8,10,2.5,Loss,Blue,ranked_solo_fives,0,0,14158,185,24,1926
1413822048,Caitlyn,other,Bottom Lane,9,7,4,1.86,Loss,Blue,ranked_solo_fives,0,0,13028,177,30,1926
1413822048,Tahm Kench,other,Utility,3,2,14,8.5,Loss,Blue,ranked_solo_fives,0,0,10617,63,36,1926
1413822048,Sett,other,Top Lane,6,7,5,1.57,Win,Red,ranked_solo_fives,1,1,11821,177,25,1926
1413822048,Nocturne,other,Jungle,9,7,7,2.29,Win,Red,ranked_solo_fives,0,0,14928,40,40,1926
1413822048,Zyra,other,Mid Lane,3,6,12,2.5,Win,Red,ranked_solo_fives,0,0,10663,177,21,1926
1413822048,Ashe,other,Bottom Lane,12,5,7,3.8,Win,Red,ranked_solo_fives,0,0,15469,240,19,1926
1413822048,Janna,other,Utility,1,4,23,6.0,Win,Red,ranked_solo_fives,0,0,9317,25,88,1926
1413712143,Gragas,other,Mid Lane,2,6,4,1.0,Loss,Blue,ranked_flex_fives,1,0,7117,126,11,1469
1413712143,Lee Sin,other,Jungle,7,7,6,1.86,Loss,Blue,ranked_flex_fives,0,0,8354,15,25,1469
1413712143,Gangplank,user,Top Lane,3,6,7,1.67,Loss,Blue,ranked_flex_fives,0,0,9956,169,15,1469
1413712143,Nilah,other,Bottom Lane,3,6,6,1.5,Loss,Blue,ranked_flex_fives,0,0,7745,115,9,1469
1413712143,Milio,other,Utility,2,4,9,2.75,Loss,Blue,ranked_flex_fives,0,0,5814,19,48,1469
1413712143,Urgot,other,Top Lane,4,3,6,3.33,Win,Red,ranked_flex_fives,0,0,10710,198,21,1469
1413712143,Warwick,other,Jungle,13,3,11,8.0,Win,Red,ranked_flex_fives,0,0,13303,17,25,1469
1413712143,Akshan,other,Mid Lane,9,1,6,15.0,Win,Red,ranked_flex_fives,0,0,14118,217,18,1469
1413712143,Jinx,other,Bottom Lane,2,8,6,1.0,Win,Red,ranked_flex_fives,0,0,8195,129,14,1469
1413712143,Lulu,other,Utility,1,2,18,9.5,Win,Red,ranked_flex_fives,0,0,7897,20,38,1469
1413707859,Yasuo,other,Top Lane,1,9,4,0.56,Loss,Blue,ranked_flex_fives,0,0,7299,144,10,1354
1413707859,Zac,user,Jungle,6,5,4,2.0,Loss,Blue,ranked_flex_fives,0,0,8909,15,20,1354
1413707859,Diana,other,Mid Lane,3,8,1,0.5,Loss,Blue,ranked_flex_fives,0,0,7018,112,12,1354
1413707859,Jinx,other,Bottom Lane,1,8,3,0.5,Loss,Blue,ranked_flex_fives,0,0,6895,117,13,1354
1413707859,Milio,other,Utility,1,5,6,1.4,Loss,Blue,ranked_flex_fives,0,0,5663,25,29,1354
1413707859,Vayne,other,Top Lane,1,2,6,3.5,Win,Red,ranked_flex_fives,0,0,8556,146,20,1354
1413707859,Jarvan IV,other,Jungle,10,2,15,12.5,Win,Red,ranked_flex_fives,0,0,12055,13,19,1354
1413707859,Akali,other,Mid Lane,5,4,5,2.5,Win,Red,ranked_flex_fives,0,0,9575,153,23,1354
1413707859,Caitlyn,other,Bottom Lane,15,2,7,11.0,Win,Red,ranked_flex_fives,0,0,14969,198,14,1354
1413707859,Karma,other,Utility,4,3,18,7.33,Win,Red,ranked_flex_fives,1,1,8714,20,39,1354
1413710079,Malzahar,other,Mid Lane,8,10,2,1.0,Loss,Blue,ranked_flex_fives,0,0,17200,306,41,2325
1413710079,Milio,other,Utility,1,5,17,3.6,Loss,Blue,ranked_flex_fives,0,0,9723,18,77,2325
1413710079,Twisted Fate,user,Top Lane,8,4,6,3.5,Loss,Blue,ranked_flex_fives,0,0,15316,235,38,2325
1413710079,Volibear,other,Jungle,5,7,10,2.14,Loss,Blue,ranked_flex_fives,0,0,13648,33,24,2325
1413710079,Varus,other,Bottom Lane,6,9,7,1.44,Loss,Blue,ranked_flex_fives,0,0,11612,167,53,2325
1413710079,Zac,other,Jungle,9,0,13,22.0,Win,Red,ranked_flex_fives,1,0,16429,47,33,2325
1413710079,Lux,other,Utility,1,9,21,2.44,Win,Red,ranked_flex_fives,0,0,11886,93,67,2325
1413710079,Caitlyn,other,Bottom Lane,14,5,6,4.0,Win,Red,ranked_flex_fives,0,1,19638,267,43,2325
1413710079,Mordekaiser,other,Top Lane,2,6,5,1.17,Win,Red,ranked_flex_fives,0,0,11848,190,25,2325
1413710079,Brand,other,Mid Lane,9,8,9,2.25,Win,Red,ranked_flex_fives,0,0,14297,202,40,2325
1413703595,Twisted Fate,user,Top Lane,1,0,5,6.0,Win,Blue,ranked_flex_fives,0,0,8361,146,10,1259
1413703595,Volibear,other,Jungle,7,0,6,13.0,Win,Blue,ranked_flex_fives,0,0,9051,2,12,1259
1413703595,Malphite,other,Mid Lane,12,0,2,14.0,Win,Blue,ranked_flex_fives,0,0,10730,161,26,1259
1413703595,Aphelios,other,Bottom Lane,2,3,6,2.67,Win,Blue,ranked_flex_fives,0,0,7290,118,21,1259
1413703595,Milio,other,Utility,1,0,15,16.0,Win,Blue,ranked_flex_fives,0,0,6594,18,30,1259
1413703595,Renekton,other,Top Lane,0,2,0,0.0,Loss,Red,ranked_flex_fives,0,0,6319,164,18,1259
1413703595,Warwick,other,Jungle,0,7,1,0.14,Loss,Red,ranked_flex_fives,0,0,5685,12,18,1259
1413703595,Syndra,other,Mid Lane,0,6,0,0.0,Loss,Red,ranked_flex_fives,0,0,5859,124,9,1259
1413703595,Caitlyn,other,Bottom Lane,3,5,0,0.6,Loss,Red,ranked_flex_fives,1,1,7469,158,12,1259
1413703595,Yuumi,other,Utility,0,3,3,1.0,Loss,Red,ranked_flex_fives,0,0,4857,16,21,1259
1413700044,Gangplank,user,Top Lane,3,6,5,1.33,Loss,Blue,ranked_flex_fives,0,0,14469,245,25,1987
1413700044,Volibear,other,Jungle,6,7,8,2.0,Loss,Blue,ranked_flex_fives,0,0,11697,19,13,1987
1413700044,Akali,other,Mid Lane,5,8,4,1.12,Loss,Blue,ranked_flex_fives,0,0,11042,190,17,1987
1413700044,Miss Fortune,other,Bottom Lane,9,10,8,1.7,Loss,Blue,ranked_flex_fives,0,0,14719,223,5,1987
1413700044,Nautilus,other,Utility,3,10,13,1.6,Loss,Blue,ranked_flex_fives,1,0,8769,33,83,1987
1413700044,K'Sante,other,Top Lane,10,5,14,4.8,Win,Red,ranked_flex_fives,0,0,16846,229,35,1987
1413700044,Graves,other,Jungle,9,2,17,13.0,Win,Red,ranked_flex_fives,0,0,15524,50,27,1987
1413700044,Lissandra,other,Mid Lane,6,6,15,3.5,Win,Red,ranked_flex_fives,0,0,13035,216,43,1987
1413700044,Draven,other,Bottom Lane,16,8,9,3.12,Win,Red,ranked_flex_fives,0,0,18185,221,27,1987
1413700044,Milio,other,Utility,0,6,29,4.83,Win,Red,ranked_flex_fives,0,1,9552,36,84,1987
1413693052,Twisted Fate,user,Top Lane,4,3,7,3.67,Win,Blue,ranked_flex_fives,0,0,11858,192,14,1530
1413693052,Volibear,other,Jungle,9,4,4,3.25,Win,Blue,ranked_flex_fives,0,0,11353,14,8,1530
1413693052,Brand,other,Mid Lane,4,7,4,1.14,Win,Blue,ranked_flex_fives,0,1,10966,175,19,1530
1413693052,Ezreal,other,Bottom Lane,13,8,4,2.12,Win,Blue,ranked_flex_fives,0,0,12373,151,20,1530
1413693052,Milio,other,Utility,1,4,17,4.5,Win,Blue,ranked_flex_fives,0,0,8351,17,34,1530
1413693052,Cho'Gath,other,Top Lane,4,3,3,2.33,Loss,Red,ranked_flex_fives,0,0,8736,157,18,1530
1413693052,Sejuani,other,Jungle,4,6,7,1.83,Loss,Red,ranked_flex_fives,0,0,8511,19,18,1530
1413693052,Talon,other,Mid Lane,8,4,5,3.25,Loss,Red,ranked_flex_fives,0,0,10806,160,20,1530
1413693052,Draven,other,Bottom Lane,10,8,2,1.5,Loss,Red,ranked_flex_fives,1,0,11347,144,11,1530
1413693052,Blitzcrank,other,Utility,0,10,14,1.4,Loss,Red,ranked_flex_fives,0,0,6319,18,42,1530
1413564842,Gangplank,user,Top Lane,7,3,6,4.33,Win,Blue,ranked_flex_fives,0,0,17014,261,19,1787
1413564842,Shaco,other,Jungle,7,5,11,3.6,Win,Blue,ranked_flex_fives,0,0,12417,23,31,1787
1413564842,Brand,other,Mid Lane,9,6,8,2.83,Win,Blue,ranked_flex_fives,0,0,13188,215,25,1787
1413564842,Jinx,other,Bottom Lane,7,4,4,2.75,Win,Blue,ranked_flex_fives,1,0,14486,237,42,1787
1413564842,Soraka,other,Utility,1,7,12,1.86,Win,Blue,ranked_flex_fives,0,0,7600,4,57,1787
1413564842,Ahri,other,Mid Lane,4,8,8,1.5,Loss,Red,ranked_flex_fives,0,0,10461,187,20,1787
1413564842,Taliyah,other,Jungle,6,8,8,1.75,Loss,Red,ranked_flex_fives,0,0,11968,37,25,1787
1413564842,Yone,other,Top Lane,3,6,3,1.0,Loss,Red,ranked_flex_fives,0,0,9923,187,21,1787
1413564842,Kai'Sa,other,Bottom Lane,7,5,4,2.2,Loss,Red,ranked_flex_fives,0,0,12644,222,24,1787
1413564842,Seraphine,other,Utility,5,5,9,2.8,Loss,Red,ranked_flex_fives,0,0,9275,69,66,1787
1413551291,Gangplank,user,Top Lane,7,5,14,4.2,Win,Blue,ranked_solo_fives,0,0,18774,272,23,2286
1413551291,Vi,other,Jungle,8,8,14,2.75,Win,Blue,ranked_solo_fives,0,0,14565,18,36,2286
1413551291,Zed,other,Mid Lane,7,6,10,2.83,Win,Blue,ranked_solo_fives,0,0,15080,245,38,2286
1413551291,Kog'Maw,other,Bottom Lane,15,10,18,3.3,Win,Blue,ranked_solo_fives,0,1,18724,187,29,2286
1413551291,Seraphine,other,Utility,6,9,24,3.33,Win,Blue,ranked_solo_fives,0,0,12778,67,102,2286
1413551291,Veigar,other,Top Lane,6,5,7,2.6,Loss,Red,ranked_solo_fives,0,0,12851,199,28,2286
1413551291,Evelynn,other,Jungle,7,9,12,2.11,Loss,Red,ranked_solo_fives,0,0,15498,9,26,2286
1413551291,LeBlanc,other,Mid Lane,12,7,5,2.43,Loss,Red,ranked_solo_fives,0,0,15260,209,39,2286
1413551291,Caitlyn,other,Bottom Lane,7,10,6,1.3,Loss,Red,ranked_solo_fives,0,0,16398,231,60,2286
1413551291,Pantheon,other,Utility,6,12,12,1.5,Loss,Red,ranked_solo_fives,1,0,12693,88,104,2286
1413523232,Camille,user,Top Lane,4,10,5,0.9,Loss,Blue,ranked_solo_fives,0,0,11892,193,22,2229
1413523232,Shyvana,other,Jungle,11,10,13,2.4,Loss,Blue,ranked_solo_fives,0,0,18369,103,20,2229
1413523232,Aurelion Sol,other,Mid Lane,5,4,10,3.75,Loss,Blue,ranked_solo_fives,0,0,14627,268,21,2229
1413523232,Zeri,other,Bottom Lane,14,7,11,3.57,Loss,Blue,ranked_solo_fives,0,0,18989,297,32,2229
1413523232,Thresh,other,Utility,3,7,19,3.14,Loss,Blue,ranked_solo_fives,0,0,10741,62,63,2229
1413523232,Darius,other,Top Lane,13,5,4,3.4,Win,Red,ranked_solo_fives,0,0,18346,251,25,2229
1413523232,Mordekaiser,other,Jungle,12,5,11,4.6,Win,Red,ranked_solo_fives,0,0,16838,42,20,2229
1413523232,Malzahar,other,Mid Lane,7,8,12,2.38,Win,Red,ranked_solo_fives,0,1,17447,223,33,2229
1413523232,Caitlyn,other,Bottom Lane,5,10,14,1.9,Win,Red,ranked_solo_fives,1,0,15634,198,32,2229
1413523232,Blitzcrank,other,Utility,1,9,19,2.22,Win,Red,ranked_solo_fives,0,0,10732,37,98,2229
1413372710,Camille,other,Top Lane,8,4,7,3.75,Win,Blue,ranked_solo_fives,0,0,15394,210,23,1969
1413372710,Ekko,other,Jungle,10,3,5,5.0,Win,Blue,ranked_solo_fives,1,0,15957,50,22,1969
1413372710,Brand,other,Mid Lane,2,4,5,1.75,Win,Blue,ranked_solo_fives,0,0,11647,184,33,1969
1413372710,Aphelios,other,Bottom Lane,10,1,2,12.0,Win,Blue,ranked_solo_fives,0,0,15693,254,14,1969
1413372710,Karma,other,Utility,0,3,10,3.33,Win,Blue,ranked_solo_fives,0,0,8772,29,57,1969
1413372710,Yone,other,Top Lane,7,11,1,0.73,Loss,Red,ranked_solo_fives,0,0,13947,258,25,1969
1413372710,Rek'Sai,other,Jungle,3,7,3,0.86,Loss,Red,ranked_solo_fives,0,0,9825,26,21,1969
1413372710,Yasuo,user,Mid Lane,3,8,5,1.0,Loss,Red,ranked_solo_fives,0,0,12214,232,19,1969
1413372710,Jinx,other,Bottom Lane,2,2,4,3.0,Loss,Red,ranked_solo_fives,0,0,11886,242,12,1969
1413372710,Vel'Koz,other,Utility,0,2,7,3.5,Loss,Red,ranked_solo_fives,0,0,7128,51,60,1969
1413359396,Gangplank,user,Top Lane,5,8,6,1.38,Loss,Blue,ranked_solo_fives,0,0,13131,171,13,1512
1413359396,Kindred,other,Jungle,5,7,1,0.86,Loss,Blue,ranked_solo_fives,0,0,8319,47,18,1512
1413359396,Viktor,other,Mid Lane,3,9,2,0.56,Loss,Blue,ranked_solo_fives,0,0,7224,109,5,1512
1413359396,Jinx,other,Bottom Lane,5,8,5,1.25,Loss,Blue,ranked_solo_fives,1,0,8650,141,17,1512
1413359396,Alistar,other,Utility,1,6,7,1.33,Loss,Blue,ranked_solo_fives,0,0,6019,31,52,1512
1413359396,Aatrox,other,Top Lane,10,3,11,7.0,Win,Red,ranked_solo_fives,0,0,12267,136,25,1512
1413359396,Sejuani,other,Jungle,3,2,10,6.5,Win,Red,ranked_solo_fives,0,1,9800,23,26,1512
1413359396,Akali,other,Mid Lane,12,2,3,7.5,Win,Red,ranked_solo_fives,0,0,12995,154,18,1512
1413359396,Jhin,other,Bottom Lane,4,2,13,8.5,Win,Red,ranked_solo_fives,0,0,11200,192,10,1512
1413359396,Pyke,other,Utility,9,10,10,1.9,Win,Red,ranked_solo_fives,0,0,9123,28,61,1512
1413350190,Tahm Kench,other,Top Lane,5,4,3,2.0,Win,Blue,ranked_solo_fives,0,0,10319,163,19,1751
1413350190,Kha'Zix,other,Jungle,4,3,5,3.0,Win,Blue,ranked_solo_fives,0,0,10685,13,37,1751
1413350190,Veigar,other,Mid Lane,9,2,4,6.5,Win,Blue,ranked_solo_fives,0,1,13936,210,25,1751
1413350190,Ashe,other,Bottom Lane,0,5,5,1.0,Win,Blue,ranked_solo_fives,0,0,9183,207,25,1751
1413350190,Zyra,other,Utility,2,5,8,2.0,Win,Blue,ranked_solo_fives,0,0,8364,61,80,1751
1413350190,Illaoi,user,Top Lane,5,6,1,1.0,Loss,Red,ranked_solo_fives,1,0,10234,164,23,1751
1413350190,Kayn,other,Jungle,4,7,3,1.0,Loss,Red,ranked_solo_fives,0,0,10330,11,14,1751
1413350190,Twisted Fate,other,Mid Lane,5,3,5,3.33,Loss,Red,ranked_solo_fives,0,0,13813,225,13,1751
1413350190,Jinx,other,Bottom Lane,5,2,4,4.5,Loss,Red,ranked_solo_fives,0,0,11331,205,21,1751
1413350190,Janna,other,Utility,0,2,10,5.0,Loss,Red,ranked_solo_fives,0,0,7049,32,85,1751
1413210167,Ekko,other,Jungle,10,8,7,2.12,Win,Blue,ranked_flex_fives,0,0,13990,47,23,1440
1413210167,Jinx,other,Bottom Lane,7,4,10,4.25,Win,Blue,ranked_flex_fives,0,1,11879,163,12,1440
1413210167,Rakan,other,Utility,2,1,20,22.0,Win,Blue,ranked_flex_fives,0,0,8358,30,40,1440
1413210167,Mordekaiser,other,Top Lane,11,4,8,4.75,Win,Blue,ranked_flex_fives,0,0,11442,134,16,1440
1413210167,Yone,other,Mid Lane,9,7,6,2.14,Win,Blue,ranked_flex_fives,0,0,11390,155,12,1440
1413210167,Kennen,other,Top Lane,6,7,3,1.29,Loss,Red,ranked_flex_fives,0,0,9423,157,11,1440
1413210167,Rek'Sai,user,Jungle,6,8,4,1.25,Loss,Red,ranked_flex_fives,1,0,8803,14,19,1440
1413210167,Vex,other,Mid Lane,4,9,6,1.11,Loss,Red,ranked_flex_fives,0,0,7821,120,12,1440
1413210167,Kog'Maw,other,Bottom Lane,5,6,0,0.83,Loss,Red,ranked_flex_fives,0,0,9185,165,11,1440
1413210167,Rell,other,Utility,2,9,9,1.22,Loss,Red,ranked_flex_fives,0,0,6401,27,54,1440
1413150292,Teemo,other,Top Lane,4,17,16,1.18,Win,Blue,ranked_flex_fives,0,0,18814,312,19,3027
1413150292,Volibear,other,Jungle,8,10,8,1.6,Win,Blue,ranked_flex_fives,0,0,20559,72,55,3027
1413150292,Syndra,other,Mid Lane,23,12,6,2.42,Win,Blue,ranked_flex_fives,0,0,28505,291,44,3027
1413150292,Kai'Sa,other,Bottom Lane,17,13,5,1.69,Win,Blue,ranked_flex_fives,0,0,24399,374,43,3027
1413150292,Ashe,other,Utility,1,13,18,1.46,Win,Blue,ranked_flex_fives,0,0,13701,86,123,3027
1413150292,Gangplank,user,Top Lane,16,7,17,4.71,Loss,Red,ranked_flex_fives,1,0,24578,294,38,3027
1413150292,Rengar,other,Jungle,16,16,16,2.0,Loss,Red,ranked_flex_fives,0,0,20265,57,41,3027
1413150292,Vex,other,Mid Lane,13,12,13,2.17,Loss,Red,ranked_flex_fives,0,0,18575,239,30,3027
1413150292,Jhin,other,Bottom Lane,18,10,8,2.6,Loss,Red,ranked_flex_fives,0,0,23069,311,44,3027
1413150292,Seraphine,other,Utility,2,8,23,3.12,Loss,Red,ranked_flex_fives,0,0,13386,82,125,3027
1413136012,Irelia,other,Top Lane,5,9,3,0.89,Loss,Blue,ranked_flex_fives,0,0,11013,195,22,1488
1413136012,Hecarim,other,Jungle,7,4,3,2.5,Loss,Blue,ranked_flex_fives,0,0,10737,14,24,1488
1413136012,LeBlanc,other,Mid Lane,6,11,1,0.64,Loss,Blue,ranked_flex_fives,1,0,9070,119,11,1488
1413136012,Aphelios,other,Bottom Lane,2,6,2,0.67,Loss,Blue,ranked_flex_fives,0,0,7606,126,10,1488
1413136012,Thresh,other,Utility,2,10,7,0.9,Loss,Blue,ranked_flex_fives,0,0,7261,16,39,1488
1413136012,Twisted Fate,user,Top Lane,6,7,7,1.86,Win,Red,ranked_flex_fives,0,0,10697,156,19,1488
1413136012,Ekko,other,Jungle,4,3,8,4.0,Win,Red,ranked_flex_fives,0,0,10054,27,13,1488
1413136012,Vex,other,Mid Lane,11,5,14,5.0,Win,Red,ranked_flex_fives,0,1,12097,176,24,1488
1413136012,Lucian,other,Bottom Lane,15,5,6,4.2,Win,Red,ranked_flex_fives,0,0,13257,157,8,1488
1413136012,Braum,other,Utility,4,2,25,14.5,Win,Red,ranked_flex_fives,0,0,9664,23,49,1488
1413116482,Kennen,other,Top Lane,6,1,3,9.0,Win,Blue,ranked_flex_fives,0,0,8707,141,19,1334
1413116482,Nocturne,other,Jungle,4,2,3,3.5,Win,Blue,ranked_flex_fives,0,0,8129,13,26,1334
1413116482,Yasuo,other,Mid Lane,4,3,7,3.67,Win,Blue,ranked_flex_fives,0,0,8077,139,9,1334
1413116482,Xayah,other,Bottom Lane,7,3,3,3.33,Win,Blue,ranked_flex_fives,0,1,10200,159,18,1334
1413116482,Rakan,other,Utility,1,1,13,14.0,Win,Blue,ranked_flex_fives,0,0,6905,29,34,1334
1413116482,Gangplank,user,Top Lane,2,0,1,3.0,Loss,Red,ranked_flex_fives,0,0,10252,187,15,1334
1413116482,Lee Sin,other,Jungle,6,4,2,2.0,Loss,Red,ranked_flex_fives,1,0,8239,20,31,1334
1413116482,Annie,other,Mid Lane,2,8,4,0.75,Loss,Red,ranked_flex_fives,0,0,7597,124,20,1334
1413116482,Jinx,other,Bottom Lane,0,7,3,0.43,Loss,Red,ranked_flex_fives,0,0,5775,114,9,1334
1413116482,Milio,other,Utility,0,3,5,1.67,Loss,Red,ranked_flex_fives,0,0,5083,26,30,1334
1413095719,Darius,other,Top Lane,2,10,2,0.4,Loss,Blue,ranked_solo_fives,0,1,11718,213,33,2071
1413095719,Vi,other,Jungle,4,8,4,1.0,Loss,Blue,ranked_solo_fives,0,0,9774,37,21,2071
1413095719,Katarina,other,Mid Lane,13,10,2,1.5,Loss,Blue,ranked_solo_fives,0,0,14796,184,22,2071
1413095719,Jhin,other,Bottom Lane,10,9,6,1.78,Loss,Blue,ranked_solo_fives,1,0,17141,257,22,2071
1413095719,Alistar,other,Utility,1,11,13,1.27,Loss,Blue,ranked_solo_fives,0,0,8409,28,79,2071
1413095719,Twisted Fate,user,Top Lane,8,4,20,7.0,Win,Red,ranked_solo_fives,0,0,15850,208,24,2071
1413095719,Ekko,other,Jungle,18,3,16,11.33,Win,Red,ranked_solo_fives,0,0,17736,66,23,2071
1413095719,Taliyah,other,Mid Lane,6,9,14,2.22,Win,Red,ranked_solo_fives,0,0,14330,209,19,2071
1413095719,Jinx,other,Bottom Lane,12,8,16,3.5,Win,Red,ranked_solo_fives,0,0,14768,178,26,2071
1413095719,Nautilus,other,Utility,4,6,26,5.0,Win,Red,ranked_solo_fives,0,0,11658,42,61,2071
1412961691,Gangplank,user,Top Lane,9,5,9,3.6,Win,Blue,ranked_flex_fives,0,0,13505,183,21,1655
1412961691,Brand,other,Jungle,10,2,12,11.0,Win,Blue,ranked_flex_fives,0,0,13777,42,28,1655
1412961691,Lux,other,Mid Lane,2,6,7,1.5,Win,Blue,ranked_flex_fives,0,0,9956,173,15,1655
1412961691,Caitlyn,other,Bottom Lane,3,5,5,1.6,Win,Blue,ranked_flex_fives,0,0,10075,174,30,1655
1412961691,Soraka,other,Utility,1,5,14,3.0,Win,Blue,ranked_flex_fives,0,0,7258,23,60,1655
1412961691,Aatrox,other,Top Lane,1,9,2,0.33,Loss,Red,ranked_flex_fives,0,0,8528,145,27,1655
1412961691,Evelynn,other,Jungle,10,4,5,3.75,Loss,Red,ranked_flex_fives,0,0,12837,29,31,1655
1412961691,Ahri,other,Mid Lane,3,2,7,5.0,Loss,Red,ranked_flex_fives,0,0,8988,150,22,1655
1412961691,Jhin,other,Bottom Lane,8,4,2,2.5,Loss,Red,ranked_flex_fives,1,0,11920,228,17,1655
1412961691,Thresh,other,Utility,1,6,6,1.17,Loss,Red,ranked_flex_fives,0,0,6519,34,50,1655
1412955987,Camille,other,Top Lane,0,6,3,0.5,Win,Blue,ranked_flex_fives,0,0,6047,37,7,1914
1412955987,Fiddlesticks,user,Jungle,4,3,9,4.33,Win,Blue,ranked_flex_fives,0,0,11772,88,55,1914
1412955987,Malphite,other,Mid Lane,7,5,5,2.4,Win,Blue,ranked_flex_fives,0,0,10654,137,18,1914
1412955987,Kalista,other,Bottom Lane,12,3,6,6.0,Win,Blue,ranked_flex_fives,0,0,18226,264,27,1914
1412955987,Bardo,other,Utility,4,2,19,11.5,Win,Blue,ranked_flex_fives,0,0,10644,23,85,1914
1412955987,Tryndamere,other,Top Lane,8,5,4,2.4,Loss,Red,ranked_flex_fives,0,0,14705,249,15,1914
1412955987,Lillia,other,Jungle,6,5,2,1.6,Loss,Red,ranked_flex_fives,1,0,12827,31,24,1914
1412955987,Gwen,other,Mid Lane,5,8,3,1.0,Loss,Red,ranked_flex_fives,0,0,12197,198,27,1914
1412955987,Samira,other,Bottom Lane,0,8,4,0.5,Loss,Red,ranked_flex_fives,0,0,9137,153,22,1914
1412955987,Rell,other,Utility,0,1,0,0.0,Loss,Red,ranked_flex_fives,0,0,5361,10,1,1914
1412948610,Gangplank,user,Top Lane,2,7,6,1.14,Loss,Blue,ranked_flex_fives,0,0,13959,252,20,1898
1412948610,Zac,other,Jungle,3,6,5,1.33,Loss,Blue,ranked_flex_fives,0,0,10582,24,23,1898
1412948610,Ahri,other,Mid Lane,5,3,1,2.0,Loss,Blue,ranked_flex_fives,0,0,11460,230,20,1898
1412948610,Jinx,other,Bottom Lane,4,4,7,2.75,Loss,Blue,ranked_flex_fives,0,0,11537,189,25,1898
1412948610,Soraka,other,Utility,1,5,8,1.8,Loss,Blue,ranked_flex_fives,0,0,7138,29,48,1898
1412948610,Teemo,other,Top Lane,4,2,3,3.5,Win,Red,ranked_flex_fives,0,0,15919,282,29,1898
1412948610,Olaf,other,Jungle,12,2,8,10.0,Win,Red,ranked_flex_fives,1,0,16907,115,24,1898
1412948610,Naafiri,other,Mid Lane,9,1,4,13.0,Win,Red,ranked_flex_fives,0,0,14485,210,30,1898
1412948610,Caitlyn,other,Bottom Lane,0,5,4,0.8,Win,Red,ranked_flex_fives,0,0,10408,188,39,1898
1412948610,Blitzcrank,other,Utility,0,5,13,2.6,Win,Red,ranked_flex_fives,0,0,8923,32,51,1898
1412939001,Camille,other,Top Lane,10,7,6,2.29,Win,Blue,ranked_flex_fives,0,0,14119,233,17,1987
1412939001,Rek'Sai,other,Jungle,11,6,6,2.83,Win,Blue,ranked_flex_fives,0,0,14035,22,39,1987
1412939001,Zyra,other,Mid Lane,9,4,9,4.5,Win,Blue,ranked_flex_fives,0,0,14732,210,42,1987
1412939001,Miss Fortune,other,Bottom Lane,5,7,17,3.14,Win,Blue,ranked_flex_fives,0,1,13487,156,33,1987
1412939001,Vel'Koz,other,Utility,6,4,14,5.0,Win,Blue,ranked_flex_fives,0,0,12222,66,74,1987
1412939001,Sion,user,Top Lane,2,7,3,0.71,Loss,Red,ranked_flex_fives,0,0,11408,252,17,1987
1412939001,Viego,other,Jungle,12,8,7,2.38,Loss,Red,ranked_flex_fives,1,0,14640,62,41,1987
1412939001,Zoe,other,Mid Lane,4,7,8,1.71,Loss,Red,ranked_flex_fives,0,0,10006,153,18,1987
1412939001,Jhin,other,Bottom Lane,8,13,2,0.77,Loss,Red,ranked_flex_fives,0,0,12313,172,17,1987
1412939001,Swain,other,Utility,2,7,15,2.43,Loss,Red,ranked_flex_fives,0,0,9611,65,60,1987
1412913231,Gangplank,user,Top Lane,21,4,11,8.0,Win,Blue,ranked_flex_fives,0,0,27338,309,21,2339
1412913231,Sejuani,other,Jungle,3,10,26,2.9,Win,Blue,ranked_flex_fives,0,0,12801,28,27,2339
1412913231,Lux,other,Mid Lane,7,9,25,3.56,Win,Blue,ranked_flex_fives,0,0,14700,171,15,2339
1412913231,Jhin,other,Bottom Lane,12,12,12,2.0,Win,Blue,ranked_flex_fives,0,0,16791,152,25,2339
1412913231,Leona,other,Utility,5,10,28,3.3,Win,Blue,ranked_flex_fives,0,0,13326,30,115,2339
1412913231,Sett,other,Top Lane,7,11,6,1.18,Loss,Red,ranked_flex_fives,0,0,13307,172,23,2339
1412913231,Wukong,other,Jungle,15,9,11,2.89,Loss,Red,ranked_flex_fives,1,0,17015,90,32,2339
1412913231,Heimerdinger,other,Mid Lane,9,7,4,1.86,Loss,Red,ranked_flex_fives,0,0,18603,297,17,2339
1412913231,Kalista,other,Bottom Lane,12,12,8,1.67,Loss,Red,ranked_flex_fives,0,1,17270,205,22,2339
1412913231,Nami,other,Utility,2,10,15,1.7,Loss,Red,ranked_flex_fives,0,0,10144,24,92,2339
1412890628,Twisted Fate,user,Top Lane,7,10,5,1.2,Loss,Blue,ranked_solo_fives,0,0,16920,256,23,2093
1412890628,Karthus,other,Jungle,13,10,8,2.1,Loss,Blue,ranked_solo_fives,0,0,16127,89,18,2093
1412890628,Qiyana,other,Mid Lane,4,6,11,2.5,Loss,Blue,ranked_solo_fives,0,0,11108,174,27,2093
1412890628,Draven,other,Bottom Lane,1,11,7,0.73,Loss,Blue,ranked_solo_fives,0,0,12239,213,17,2093
1412890628,Nami,other,Utility,3,7,18,3.0,Loss,Blue,ranked_solo_fives,0,0,9307,20,63,2093
1412890628,Aatrox,other,Top Lane,15,4,6,5.25,Win,Red,ranked_solo_fives,1,1,16812,196,23,2093
1412890628,Jarvan IV,other,Jungle,3,6,23,4.33,Win,Red,ranked_solo_fives,0,0,13055,36,38,2093
1412890628,Zoe,other,Mid Lane,12,7,10,3.14,Win,Red,ranked_solo_fives,0,0,14479,158,33,2093
1412890628,Samira,other,Bottom Lane,11,6,8,3.17,Win,Red,ranked_solo_fives,0,0,14951,178,25,2093
1412890628,Nautilus,other,Utility,3,5,14,3.4,Win,Red,ranked_solo_fives,0,0,10970,50,80,2093
1412875376,Sion,user,Top Lane,2,11,13,1.36,Win,Blue,ranked_solo_fives,0,0,15972,310,22,2139
1412875376,Kayn,other,Jungle,11,10,9,2.0,Win,Blue,ranked_solo_fives,1,0,17567,32,38,2139
1412875376,Twisted Fate,other,Mid Lane,12,7,10,3.14,Win,Blue,ranked_solo_fives,0,0,16243,206,29,2139
1412875376,Jhin,other,Bottom Lane,7,8,18,3.12,Win,Blue,ranked_solo_fives,0,0,13379,178,31,2139
1412875376,Morgana,other,Utility,5,6,19,4.0,Win,Blue,ranked_solo_fives,0,0,12559,81,60,2139
1412875376,Kennen,other,Top Lane,10,7,9,2.71,Loss,Red,ranked_solo_fives,0,1,13540,179,23,2139
1412875376,Gragas,other,Jungle,16,5,4,4.0,Loss,Red,ranked_solo_fives,0,0,15430,57,31,2139
1412875376,Ryze,other,Mid Lane,6,6,6,2.0,Loss,Red,ranked_solo_fives,0,0,14680,250,35,2139
1412875376,Caitlyn,other,Bottom Lane,8,6,10,3.0,Loss,Red,ranked_solo_fives,0,0,14842,220,52,2139
1412875376,Zyra,other,Utility,2,13,16,1.38,Loss,Red,ranked_solo_fives,0,0,9937,48,72,2139
1412700556,Twisted Fate,user,Top Lane,3,5,1,0.8,Loss,Blue,ranked_flex_fives,0,0,8028,142,10,1390
1412700556,Diana,other,Jungle,2,7,5,1.0,Loss,Blue,ranked_flex_fives,1,0,9675,60,16,1390
1412700556,Jhin,other,Mid Lane,4,7,1,0.71,Loss,Blue,ranked_flex_fives,0,0,8270,128,12,1390
1412700556,Ashe,other,Bottom Lane,2,9,1,0.33,Loss,Blue,ranked_flex_fives,0,0,7543,113,8,1390
1412700556,Nautilus,other,Utility,1,8,2,0.38,Loss,Blue,ranked_flex_fives,0,0,5647,20,37,1390
1412700556,Kennen,other,Top Lane,7,3,6,4.33,Win,Red,ranked_flex_fives,0,0,10147,185,8,1390
1412700556,Gragas,other,Jungle,4,1,11,15.0,Win,Red,ranked_flex_fives,0,0,8574,7,18,1390
1412700556,Lux,other,Mid Lane,5,3,9,4.67,Win,Red,ranked_flex_fives,0,0,9469,137,23,1390
1412700556,Kalista,other,Bottom Lane,17,3,8,8.33,Win,Red,ranked_flex_fives,0,0,13628,177,23,1390
1412700556,Braum,other,Utility,3,2,23,13.0,Win,Red,ranked_flex_fives,0,0,8094,28,48,1390
1412697305,Shen,other,Top Lane,5,9,26,3.44,Win,Blue,ranked_flex_fives,1,0,17917,306,35,2683
1412697305,Viego,other,Jungle,4,17,22,1.53,Win,Blue,ranked_flex_fives,0,0,14927,45,22,2683
1412697305,Veigar,other,Mid Lane,14,9,12,2.89,Win,Blue,ranked_flex_fives,0,0,19312,277,21,2683
1412697305,Caitlyn,other,Bottom Lane,25,10,16,4.1,Win,Blue,ranked_flex_fives,0,0,25075,265,22,2683
1412697305,Thresh,other,Utility,4,14,33,2.64,Win,Blue,ranked_flex_fives,0,0,14605,30,71,2683
1412697305,Twisted Fate,user,Top Lane,8,10,22,3.0,Loss,Red,ranked_flex_fives,0,0,20356,272,38,2683
1412697305,Kha'Zix,other,Jungle,23,5,9,6.4,Loss,Red,ranked_flex_fives,0,0,24166,19,50,2683
1412697305,Diana,other,Mid Lane,7,12,12,1.58,Loss,Red,ranked_flex_fives,0,0,17057,221,30,2683
1412697305,Draven,other,Bottom Lane,19,13,16,2.69,Loss,Red,ranked_flex_fives,0,0,23393,269,53,2683
1412697305,Lulu,other,Utility,2,12,29,2.58,Loss,Red,ranked_flex_fives,0,0,12775,21,119,2683
1412688942,Garen,other,Top Lane,3,11,2,0.45,Loss,Blue,ranked_solo_fives,0,1,14395,270,21,2074
1412688942,Viego,other,Jungle,2,9,9,1.22,Loss,Blue,ranked_solo_fives,0,0,12408,30,19,2074
1412688942,Fizz,other,Mid Lane,10,7,5,2.14,Loss,Blue,ranked_solo_fives,0,0,15296,204,23,2074
1412688942,Caitlyn,other,Bottom Lane,1,11,5,0.55,Loss,Blue,ranked_solo_fives,0,0,11209,205,22,2074
1412688942,Lux,other,Utility,7,9,6,1.44,Loss,Blue,ranked_solo_fives,0,0,12669,92,52,2074
1412688942,Gangplank,user,Top Lane,8,3,10,6.0,Win,Red,ranked_solo_fives,0,0,18532,280,23,2074
1412688942,Ekko,other,Jungle,15,3,9,8.0,Win,Red,ranked_solo_fives,1,0,18876,93,37,2074
1412688942,Yasuo,other,Mid Lane,10,9,7,1.89,Win,Red,ranked_solo_fives,0,0,15341,214,28,2074
1412688942,Aatrox,other,Bottom Lane,14,3,7,7.0,Win,Red,ranked_solo_fives,0,0,16196,196,22,2074
1412688942,Ivern,other,Utility,0,5,21,4.2,Win,Red,ranked_solo_fives,0,0,9299,37,64,2074
1412583119,Gangplank,user,Top Lane,10,8,11,2.62,Win,Blue,ranked_solo_fives,1,0,18335,225,30,2085
1412583119,Diana,other,Jungle,10,7,14,3.43,Win,Blue,ranked_solo_fives,0,0,17190,66,54,2085
1412583119,Katarina,other,Mid Lane,10,6,8,3.0,Win,Blue,ranked_solo_fives,0,0,14412,192,34,2085
1412583119,Draven,other,Bottom Lane,14,10,5,1.9,Win,Blue,ranked_solo_fives,0,0,17775,242,29,2085
1412583119,Rell,other,Utility,2,5,20,4.4,Win,Blue,ranked_solo_fives,0,0,9808,33,96,2085
1412583119,Sett,other,Top Lane,4,7,7,1.57,Loss,Red,ranked_solo_fives,0,1,13169,192,23,2085
1412583119,Briar,other,Jungle,21,14,4,1.79,Loss,Red,ranked_solo_fives,0,0,18682,51,27,2085
1412583119,Twitch,other,Mid Lane,6,14,7,0.93,Loss,Red,ranked_solo_fives,0,0,12160,191,19,2085
1412583119,Kai'Sa,other,Bottom Lane,4,9,7,1.22,Loss,Red,ranked_solo_fives,0,0,12755,212,21,2085
1412583119,Vel'Koz,other,Utility,1,3,12,4.33,Loss,Red,ranked_solo_fives,0,0,8982,31,106,2085
1412535337,Twisted Fate,user,Top Lane,5,4,3,2.0,Win,Blue,ranked_solo_fives,0,1,16499,287,24,2092
1412535337,Lee Sin,other,Jungle,7,4,14,5.25,Win,Blue,ranked_solo_fives,0,0,14820,50,52,2092
1412535337,Malphite,other,Mid Lane,8,9,8,1.78,Win,Blue,ranked_solo_fives,0,0,13188,203,33,2092
1412535337,Jhin,other,Bottom Lane,12,3,7,6.33,Win,Blue,ranked_solo_fives,0,0,15860,230,23,2092
1412535337,Thresh,other,Utility,5,5,20,5.0,Win,Blue,ranked_solo_fives,1,0,11136,27,68,2092
1412535337,Garen,other,Top Lane,5,5,1,1.2,Loss,Red,ranked_solo_fives,0,0,12374,220,33,2092
1412535337,Kayn,other,Jungle,8,9,8,1.78,Loss,Red,ranked_solo_fives,0,0,13530,29,29,2092
1412535337,Caitlyn,other,Mid Lane,7,7,4,1.57,Loss,Red,ranked_solo_fives,0,0,13471,245,20,2092
1412535337,Ashe,other,Bottom Lane,3,7,9,1.71,Loss,Red,ranked_solo_fives,0,0,11543,186,34,2092
1412535337,Brand,other,Utility,2,9,7,1.0,Loss,Red,ranked_solo_fives,0,0,8395,45,64,2092
1412523489,Twisted Fate,user,Top Lane,5,3,6,3.67,Loss,Blue,ranked_solo_fives,0,1,14012,210,26,1910
1412523489,Lee Sin,other,Jungle,10,9,7,1.89,Loss,Blue,ranked_solo_fives,0,0,13552,24,34,1910
1412523489,Akali,other,Mid Lane,9,15,7,1.07,Loss,Blue,ranked_solo_fives,0,0,11722,144,30,1910
1412523489,Jinx,other,Bottom Lane,5,5,5,2.0,Loss,Blue,ranked_solo_fives,0,0,11877,229,24,1910
1412523489,Milio,other,Utility,0,5,13,2.6,Loss,Blue,ranked_solo_fives,0,0,7635,28,96,1910
1412523489,Pantheon,other,Top Lane,5,4,4,2.25,Win,Red,ranked_solo_fives,0,0,10922,179,29,1910
1412523489,Karthus,other,Jungle,3,9,15,2.0,Win,Red,ranked_solo_fives,0,0,11652,28,30,1910
1412523489,Sylas,other,Mid Lane,24,7,3,3.86,Win,Red,ranked_solo_fives,1,0,17599,178,24,1910
1412523489,Ashe,other,Bottom Lane,4,4,14,4.5,Win,Red,ranked_solo_fives,0,0,12579,206,28,1910
1412523489,Senna,other,Utility,1,5,22,4.6,Win,Red,ranked_solo_fives,0,0,10527,54,70,1910
1412418281,Gangplank,user,Top Lane,4,5,7,2.2,Loss,Blue,ranked_flex_fives,0,0,16394,274,24,1997
1412418281,Gragas,other,Jungle,4,8,7,1.38,Loss,Blue,ranked_flex_fives,0,0,10976,21,35,1997
1412418281,Lux,other,Mid Lane,10,8,3,1.62,Loss,Blue,ranked_flex_fives,1,1,13146,168,21,1997
1412418281,Lucian,other,Bottom Lane,2,6,1,0.5,Loss,Blue,ranked_flex_fives,0,0,10495,225,20,1997
1412418281,Nami,other,Utility,2,4,8,2.5,Loss,Blue,ranked_flex_fives,0,0,8099,40,91,1997
1412418281,Annie,other,Mid Lane,3,2,8,5.5,Win,Red,ranked_flex_fives,0,0,10930,154,29,1997
1412418281,Viego,other,Jungle,15,4,7,5.5,Win,Red,ranked_flex_fives,0,0,17687,46,37,1997
1412418281,Yorick,other,Top Lane,1,10,5,0.6,Win,Red,ranked_flex_fives,0,0,13700,209,32,1997
1412418281,Jhin,other,Bottom Lane,9,3,12,7.0,Win,Red,ranked_flex_fives,0,0,15583,241,18,1997
1412418281,Thresh,other,Utility,3,3,20,7.67,Win,Red,ranked_flex_fives,0,0,10659,39,80,1997
1412412109,Gnar,other,Top Lane,2,5,3,1.0,Loss,Blue,ranked_flex_fives,1,0,8344,147,22,1644
1412412109,Karthus,other,Jungle,3,4,5,2.0,Loss,Blue,ranked_flex_fives,0,0,9474,12,14,1644
1412412109,Xerath,other,Mid Lane,3,3,4,2.33,Loss,Blue,ranked_flex_fives,0,0,9884,175,22,1644
1412412109,Kalista,other,Bottom Lane,9,6,5,2.33,Loss,Blue,ranked_flex_fives,0,0,13309,217,21,1644
1412412109,Nautilus,other,Utility,1,8,10,1.38,Loss,Blue,ranked_flex_fives,0,0,6998,34,51,1644
1412412109,Twisted Fate,user,Top Lane,7,2,5,6.0,Win,Red,ranked_flex_fives,0,0,14523,195,23,1644
1412412109,Viego,other,Jungle,3,4,6,2.25,Win,Red,ranked_flex_fives,0,0,10566,12,20,1644
1412412109,Vex,other,Mid Lane,6,4,9,3.75,Win,Red,ranked_flex_fives,0,0,10148,163,28,1644
1412412109,Jhin,other,Bottom Lane,9,1,5,14.0,Win,Red,ranked_flex_fives,0,0,12844,205,18,1644
1412412109,Nami,other,Utility,1,7,14,2.14,Win,Red,ranked_flex_fives,0,0,7552,26,65,1644
1412398064,Twisted Fate,user,Top Lane,1,7,6,1.0,Loss,Blue,ranked_flex_fives,0,0,8412,146,14,1630
1412398064,Zac,other,Jungle,5,4,5,2.5,Loss,Blue,ranked_flex_fives,0,0,9527,28,14,1630
1412398064,Lillia,other,Mid Lane,3,6,1,0.67,Loss,Blue,ranked_flex_fives,0,0,7678,125,14,1630
1412398064,Jinx,other,Bottom Lane,4,4,3,1.75,Loss,Blue,ranked_flex_fives,0,0,10972,194,21,1630
1412398064,Milio,other,Utility,0,3,9,3.0,Loss,Blue,ranked_flex_fives,0,0,6409,23,43,1630
1412398064,Ornn,other,Top Lane,4,3,15,6.33,Win,Red,ranked_flex_fives,1,0,11546,188,23,1630
1412398064,Volibear,other,Jungle,2,5,8,2.0,Win,Red,ranked_flex_fives,0,0,8643,9,17,1630
1412398064,Syndra,other,Mid Lane,7,1,8,15.0,Win,Red,ranked_flex_fives,0,0,12715,201,25,1630
1412398064,Draven,other,Bottom Lane,11,2,5,8.0,Win,Red,ranked_flex_fives,0,0,14396,187,9,1630
1412398064,Lulu,other,Utility,0,2,13,6.5,Win,Red,ranked_flex_fives,0,0,6674,15,60,1630
1412379442,Camille,other,Top Lane,8,7,6,2.0,Loss,Blue,ranked_flex_fives,1,0,14161,183,28,1885
1412379442,Karthus,other,Jungle,5,9,13,2.0,Loss,Blue,ranked_flex_fives,0,0,12767,86,23,1885
1412379442,Hwei,other,Mid Lane,8,10,7,1.5,Loss,Blue,ranked_flex_fives,0,0,13455,183,17,1885
1412379442,Samira,other,Bottom Lane,2,8,1,0.38,Loss,Blue,ranked_flex_fives,0,0,11257,202,19,1885
1412379442,Karma,other,Utility,1,7,6,1.0,Loss,Blue,ranked_flex_fives,0,0,8119,48,91,1885
1412379442,Twisted Fate,user,Top Lane,7,5,3,2.0,Win,Red,ranked_flex_fives,0,0,15180,236,22,1885
1412379442,Lee Sin,other,Jungle,17,9,11,3.11,Win,Red,ranked_flex_fives,0,0,17247,67,29,1885
1412379442,Diana,other,Mid Lane,8,4,9,4.25,Win,Red,ranked_flex_fives,0,0,12252,167,30,1885
1412379442,Caitlyn,other,Bottom Lane,8,2,3,5.5,Win,Red,ranked_flex_fives,0,1,12069,187,51,1885
1412379442,Milio,other,Utility,1,4,21,5.5,Win,Red,ranked_flex_fives,0,0,8710,19,57,1885
1412145499,Gragas,other,Top Lane,17,7,8,3.57,Win,Blue,ranked_flex_fives,0,0,23091,300,25,2468
1412145499,Lillia,other,Jungle,5,8,10,1.88,Win,Blue,ranked_flex_fives,0,0,15546,101,38,2468
1412145499,Akshan,other,Mid Lane,5,5,5,2.0,Win,Blue,ranked_flex_fives,0,0,14163,226,29,2468
1412145499,Lucian,other,Bottom Lane,10,3,6,5.33,Win,Blue,ranked_flex_fives,0,0,19463,305,27,2468
1412145499,Taric,other,Utility,1,5,17,3.6,Win,Blue,ranked_flex_fives,0,0,11908,76,111,2468
1412145499,Singed,user,Top Lane,2,10,7,0.9,Loss,Red,ranked_flex_fives,0,0,15011,295,18,2468
1412145499,Taliyah,other,Jungle,4,10,16,2.0,Loss,Red,ranked_flex_fives,0,0,17823,79,39,2468
1412145499,Quinn,other,Mid Lane,4,7,6,1.43,Loss,Red,ranked_flex_fives,0,0,14523,251,18,2468
1412145499,Caitlyn,other,Bottom Lane,14,6,2,2.67,Loss,Red,ranked_flex_fives,0,0,19401,317,32,2468
1412145499,Karma,other,Utility,4,6,17,3.5,Loss,Red,ranked_flex_fives,0,0,11491,48,82,2468
1412144348,Ornn,other,Top Lane,5,4,9,3.5,Loss,Blue,ranked_flex_fives,0,0,14764,292,31,2315
1412144348,Wukong,other,Jungle,11,6,10,3.5,Loss,Blue,ranked_flex_fives,0,0,15149,39,29,2315
1412144348,Neeko,other,Mid Lane,1,7,6,1.0,Loss,Blue,ranked_flex_fives,0,0,11739,253,41,2315
1412144348,Jhin,other,Bottom Lane,11,4,5,4.0,Loss,Blue,ranked_flex_fives,1,0,16642,274,15,2315
1412144348,Thresh,other,Utility,2,7,16,2.57,Loss,Blue,ranked_flex_fives,0,0,9154,26,114,2315
1412144348,Gangplank,user,Top Lane,7,7,7,2.0,Win,Red,ranked_flex_fives,0,0,18561,247,37,2315
1412144348,Karthus,other,Jungle,11,9,10,2.33,Win,Red,ranked_flex_fives,0,0,17915,46,37,2315
1412144348,Diana,other,Mid Lane,3,6,12,2.5,Win,Red,ranked_flex_fives,0,0,15212,266,20,2315
1412144348,Caitlyn,other,Bottom Lane,6,4,12,4.5,Win,Red,ranked_flex_fives,0,0,17211,271,37,2315
1412144348,Milio,other,Utility,1,4,22,5.75,Win,Red,ranked_flex_fives,0,0,10516,40,88,2315
1412138316,Kayle,other,Top Lane,8,8,2,1.25,Loss,Blue,ranked_flex_fives,0,0,17769,304,25,2239
1412138316,Rek'Sai,other,Jungle,6,6,8,2.33,Loss,Blue,ranked_flex_fives,0,0,13271,26,27,2239
1412138316,Malzahar,other,Mid Lane,1,4,5,1.5,Loss,Blue,ranked_flex_fives,0,0,12786,261,38,2239
1412138316,Draven,other,Bottom Lane,5,5,2,1.4,Loss,Blue,ranked_flex_fives,0,0,14136,240,23,2239
1412138316,Lulu,other,Utility,0,3,11,3.67,Loss,Blue,ranked_flex_fives,0,0,8460,26,80,2239
1412138316,Gangplank,user,Top Lane,7,5,8,3.0,Win,Red,ranked_flex_fives,1,1,18898,254,26,2239
1412138316,Brand,other,Jungle,12,5,10,4.4,Win,Red,ranked_flex_fives,0,0,18523,92,40,2239
1412138316,Zoe,other,Mid Lane,3,3,8,3.67,Win,Red,ranked_flex_fives,0,0,12106,189,39,2239
1412138316,Ashe,other,Bottom Lane,4,4,7,2.75,Win,Red,ranked_flex_fives,0,0,13908,218,39,2239
1412138316,Milio,other,Utility,0,3,18,6.0,Win,Red,ranked_flex_fives,0,0,9324,18,70,2239
1411856460,Shen,other,Top Lane,5,1,13,18.0,Win,Blue,ranked_flex_fives,0,0,11913,168,17,1944
1411856460,Jarvan IV,other,Jungle,2,3,17,6.33,Win,Blue,ranked_flex_fives,0,0,12377,57,31,1944
1411856460,Akshan,other,Mid Lane,13,2,10,11.5,Win,Blue,ranked_flex_fives,0,0,14941,174,26,1944
1411856460,Ezreal,other,Bottom Lane,9,7,5,2.0,Win,Blue,ranked_flex_fives,1,0,14804,232,21,1944
1411856460,Morgana,other,Utility,4,5,14,3.6,Win,Blue,ranked_flex_fives,0,0,11439,60,49,1944
1411856460,Twisted Fate,user,Top Lane,3,5,2,1.0,Loss,Red,ranked_flex_fives,0,0,11239,197,20,1944
1411856460,Wukong,other,Jungle,6,6,2,1.33,Loss,Red,ranked_flex_fives,0,0,12918,64,31,1944
1411856460,Kayle,other,Mid Lane,2,4,5,1.75,Loss,Red,ranked_flex_fives,0,1,11567,231,18,1944
1411856460,Jhin,other,Bottom Lane,4,7,7,1.57,Loss,Red,ranked_flex_fives,0,0,11526,197,15,1944
1411856460,Brand,other,Utility,3,11,6,0.82,Loss,Red,ranked_flex_fives,0,0,8849,27,52,1944
1411849435,Kennen,other,Top Lane,15,7,9,3.43,Win,Blue,ranked_flex_fives,0,0,15827,204,16,1987
1411849435,Kha'Zix,other,Jungle,11,6,9,3.33,Win,Blue,ranked_flex_fives,0,0,14966,33,36,1987
1411849435,Vel'Koz,other,Mid Lane,8,5,12,4.0,Win,Blue,ranked_flex_fives,0,0,13565,206,25,1987
1411849435,Samira,other,Bottom Lane,5,5,7,2.4,Win,Blue,ranked_flex_fives,0,0,15470,258,12,1987
1411849435,Blitzcrank,other,Utility,2,7,13,2.14,Win,Blue,ranked_flex_fives,0,0,9474,32,90,1987
1411849435,Sion,user,Top Lane,9,6,4,2.17,Loss,Red,ranked_flex_fives,0,1,16939,267,19,1987
1411849435,Bel'Veth,other,Jungle,9,8,6,1.88,Loss,Red,ranked_flex_fives,0,0,15119,58,40,1987
1411849435,Lux,other,Mid Lane,3,7,6,1.29,Loss,Red,ranked_flex_fives,1,0,10496,192,25,1987
1411849435,Caitlyn,other,Bottom Lane,7,10,8,1.5,Loss,Red,ranked_flex_fives,0,0,11539,185,23,1987
1411849435,Brand,other,Utility,2,10,17,1.9,Loss,Red,ranked_flex_fives,0,0,9195,27,51,1987
1411830688,Malzahar,other,Mid Lane,3,8,8,1.38,Loss,Blue,ranked_flex_fives,0,0,11433,208,34,2031
1411830688,Kayn,other,Jungle,3,17,8,0.65,Loss,Blue,ranked_flex_fives,0,0,11015,41,21,2031
1411830688,Darius,other,Bottom Lane,8,5,5,2.6,Loss,Blue,ranked_flex_fives,1,1,13431,184,34,2031
1411830688,Ashe,other,Top Lane,14,8,12,3.25,Loss,Blue,ranked_flex_fives,0,0,17765,187,21,2031
1411830688,Milio,other,Jungle,4,7,22,3.71,Loss,Blue,ranked_flex_fives,0,0,10834,28,80,2031
1411830688,Vex,other,Mid Lane,9,3,19,9.33,Win,Red,ranked_flex_fives,0,0,12735,176,30,2031
1411830688,Nami,other,Utility,1,7,23,3.43,Win,Red,ranked_flex_fives,0,0,8512,23,67,2031
1411830688,Twisted Fate,user,Top Lane,7,10,16,2.3,Win,Red,ranked_flex_fives,0,0,13887,168,21,2031
1411830688,Kai'Sa,other,Bottom Lane,11,7,8,2.71,Win,Red,ranked_flex_fives,0,0,15848,230,20,2031
1411830688,Lee Sin,other,Jungle,17,5,18,7.0,Win,Red,ranked_flex_fives,0,0,16514,24,37,2031
1411607241,Ornn,other,Top Lane,6,4,5,2.75,Win,Blue,ranked_flex_fives,0,0,14026,262,21,2071
1411607241,Rammus,other,Jungle,11,4,15,6.5,Win,Blue,ranked_flex_fives,1,0,14494,33,27,2071
1411607241,Mordekaiser,other,Mid Lane,10,5,8,3.6,Win,Blue,ranked_flex_fives,0,0,11413,121,21,2071
1411607241,Jinx,other,Bottom Lane,13,4,15,7.0,Win,Blue,ranked_flex_fives,0,0,17057,243,28,2071
1411607241,Blitzcrank,other,Utility,0,4,16,4.0,Win,Blue,ranked_flex_fives,0,0,8247,30,88,2071
1411607241,K'Sante,user,Top Lane,4,6,4,1.33,Loss,Red,ranked_flex_fives,0,0,14317,254,22,2071
1411607241,Bel'Veth,other,Jungle,3,9,5,0.89,Loss,Red,ranked_flex_fives,0,0,13839,74,29,2071
1411607241,Lillia,other,Mid Lane,4,7,8,1.71,Loss,Red,ranked_flex_fives,0,0,11675,195,25,2071
1411607241,Caitlyn,other,Bottom Lane,4,7,8,1.71,Loss,Red,ranked_flex_fives,0,0,11998,214,28,2071
1411607241,Swain,other,Utility,6,11,10,1.45,Loss,Red,ranked_flex_fives,0,0,9951,52,63,2071
1411603782,Twisted Fate,user,Top Lane,3,4,4,1.75,Win,Blue,ranked_flex_fives,0,0,6578,84,13,1061
1411603782,Taliyah,other,Jungle,4,1,6,10.0,Win,Blue,ranked_flex_fives,0,1,7842,13,16,1061
1411603782,Vex,other,Mid Lane,4,2,0,2.0,Win,Blue,ranked_flex_fives,0,0,6784,136,10,1061
1411603782,Jhin,other,Bottom Lane,4,1,1,5.0,Win,Blue,ranked_flex_fives,0,0,6965,139,14,1061
1411603782,Soraka,other,Utility,0,0,10,10.0,Win,Blue,ranked_flex_fives,0,0,4819,21,38,1061
1411603782,Camille,other,Top Lane,4,3,2,2.0,Loss,Red,ranked_flex_fives,1,0,6517,108,10,1061
1411603782,Lee Sin,other,Jungle,2,3,2,1.33,Loss,Red,ranked_flex_fives,0,0,5941,14,17,1061
1411603782,Ekko,other,Mid Lane,1,3,2,1.0,Loss,Red,ranked_flex_fives,0,0,5492,97,13,1061
1411603782,Ashe,other,Bottom Lane,1,1,1,2.0,Loss,Red,ranked_flex_fives,0,0,5223,102,12,1061
1411603782,Xerath,other,Utility,0,5,2,0.4,Loss,Red,ranked_flex_fives,0,0,3784,24,22,1061
1411603043,Jax,other,Top Lane,1,5,3,0.8,Win,Blue,ranked_flex_fives,0,0,12877,250,21,2073
1411603043,Kha'Zix,other,Jungle,4,3,6,3.33,Win,Blue,ranked_flex_fives,0,0,15047,19,31,2073
1411603043,Aurelion Sol,other,Mid Lane,5,5,10,3.0,Win,Blue,ranked_flex_fives,0,1,12731,211,20,2073
1411603043,Ashe,other,Bottom Lane,8,6,7,2.5,Win,Blue,ranked_flex_fives,0,0,14221,218,33,2073
1411603043,Senna,other,Utility,6,6,13,3.17,Win,Blue,ranked_flex_fives,0,0,12424,48,95,2073
1411603043,Cassiopeia,user,Top Lane,8,2,3,5.5,Loss,Red,ranked_flex_fives,1,0,14918,255,19,2073
1411603043,Volibear,other,Jungle,1,3,9,3.33,Loss,Red,ranked_flex_fives,0,0,11751,24,25,2073
1411603043,Zoe,other,Mid Lane,6,6,7,2.17,Loss,Red,ranked_flex_fives,0,0,13030,213,25,2073
1411603043,Twitch,other,Bottom Lane,8,6,5,2.17,Loss,Red,ranked_flex_fives,0,0,15104,244,18,2073
1411603043,Lulu,other,Utility,2,7,11,1.86,Loss,Red,ranked_flex_fives,0,0,9104,42,73,2073
1411593261,Shen,other,Top Lane,1,7,8,1.29,Loss,Blue,ranked_flex_fives,0,0,9321,166,16,1998
1411593261,Kha'Zix,other,Jungle,7,12,3,0.83,Loss,Blue,ranked_flex_fives,0,0,11443,20,30,1998
1411593261,Sylas,other,Mid Lane,5,10,6,1.1,Loss,Blue,ranked_flex_fives,0,0,11446,182,19,1998
1411593261,Miss Fortune,other,Bottom Lane,6,8,6,1.5,Loss,Blue,ranked_flex_fives,0,0,13310,196,27,1998
1411593261,Seraphine,other,Utility,3,9,8,1.22,Loss,Blue,ranked_flex_fives,0,0,8987,58,56,1998
1411593261,Twisted Fate,user,Top Lane,8,7,8,2.29,Win,Red,ranked_flex_fives,0,0,14517,194,38,1998
1411593261,Volibear,other,Jungle,13,1,10,23.0,Win,Red,ranked_flex_fives,0,0,16295,41,33,1998
1411593261,Zoe,other,Mid Lane,7,7,9,2.29,Win,Red,ranked_flex_fives,1,1,14605,200,28,1998
1411593261,Ashe,other,Bottom Lane,14,6,16,5.0,Win,Red,ranked_flex_fives,0,0,15946,165,29,1998
1411593261,Thresh,other,Utility,4,1,27,31.0,Win,Red,ranked_flex_fives,0,0,11633,27,83,1998
1411571843,Sion,other,Top Lane,2,7,5,1.0,Loss,Blue,ranked_solo_fives,0,0,11360,172,26,1749
1411571843,Viego,other,Jungle,4,11,4,0.73,Loss,Blue,ranked_solo_fives,0,0,9944,31,32,1749
1411571843,Veigar,other,Mid Lane,2,5,3,1.0,Loss,Blue,ranked_solo_fives,0,0,9448,168,16,1749
1411571843,Miss Fortune,other,Bottom Lane,1,6,1,0.33,Loss,Blue,ranked_solo_fives,0,0,8835,169,25,1749
1411571843,Hwei,other,Utility,6,9,3,1.0,Loss,Blue,ranked_solo_fives,0,0,9032,50,67,1749
1411571843,Twisted Fate,user,Top Lane,17,0,5,22.0,Win,Red,ranked_solo_fives,0,0,17237,200,40,1749
1411571843,Sylas,other,Jungle,5,8,11,2.0,Win,Red,ranked_solo_fives,0,0,11505,13,38,1749
1411571843,Lux,other,Mid Lane,5,3,10,5.0,Win,Red,ranked_solo_fives,1,0,10823,167,21,1749
1411571843,Jinx,other,Bottom Lane,6,2,6,6.0,Win,Red,ranked_solo_fives,0,0,12120,210,23,1749
1411571843,Zilean,other,Utility,5,2,18,11.5,Win,Red,ranked_solo_fives,0,0,9790,36,77,1749
1411557567,Twisted Fate,user,Top Lane,1,5,3,0.8,Loss,Blue,ranked_flex_fives,0,0,7172,121,14,1372
1411557567,Volibear,other,Jungle,4,6,4,1.33,Loss,Blue,ranked_flex_fives,0,0,7077,4,14,1372
1411557567,Lux,other,Mid Lane,2,6,4,1.0,Loss,Blue,ranked_flex_fives,0,0,6734,143,18,1372
1411557567,Jhin,other,Bottom Lane,2,2,4,3.0,Loss,Blue,ranked_flex_fives,1,0,7441,159,16,1372
1411557567,Nami,other,Utility,3,5,4,1.4,Loss,Blue,ranked_flex_fives,0,0,6328,24,45,1372
1411557567,Vladimir,other,Top Lane,4,4,3,1.75,Win,Red,ranked_flex_fives,0,0,8326,136,19,1372
1411557567,Viego,other,Jungle,9,2,6,7.5,Win,Red,ranked_flex_fives,0,0,12026,50,13,1372
1411557567,Yone,other,Mid Lane,4,2,1,2.5,Win,Red,ranked_flex_fives,0,1,11352,185,19,1372
1411557567,Hwei,other,Bottom Lane,7,1,6,13.0,Win,Red,ranked_flex_fives,0,0,10091,162,9,1372
1411557567,Rell,other,Utility,0,3,12,4.0,Win,Red,ranked_flex_fives,0,0,6516,27,62,1372
1411500604,Urgot,other,Top Lane,7,3,2,3.0,Loss,Blue,ranked_flex_fives,0,1,12760,192,26,1744
1411500604,Briar,other,Jungle,6,8,5,1.38,Loss,Blue,ranked_flex_fives,0,0,10600,5,9,1744
1411500604,Malzahar,other,Mid Lane,5,8,4,1.12,Loss,Blue,ranked_flex_fives,0,0,11291,199,17,1744
1411500604,Jhin,other,Bottom Lane,1,9,3,0.44,Loss,Blue,ranked_flex_fives,0,0,9521,180,15,1744
1411500604,Zyra,other,Utility,0,8,3,0.38,Loss,Blue,ranked_flex_fives,0,0,6857,42,68,1744
1411500604,Twisted Fate,user,Top Lane,10,8,10,2.5,Win,Red,ranked_flex_fives,0,0,13337,160,19,1744
1411500604,Volibear,other,Jungle,3,2,15,9.0,Win,Red,ranked_flex_fives,0,0,10722,10,28,1744
1411500604,Diana,other,Mid Lane,11,7,5,2.29,Win,Red,ranked_flex_fives,1,0,12520,168,18,1744
1411500604,Jinx,other,Bottom Lane,8,1,15,23.0,Win,Red,ranked_flex_fives,0,0,13659,195,39,1744
1411500604,Nami,other,Utility,4,1,19,23.0,Win,Red,ranked_flex_fives,0,0,8809,33,62,1744
1411490270,Tahm Kench,other,Top Lane,2,2,2,2.0,Loss,Blue,ranked_solo_fives,0,0,7300,124,7,1381
1411490270,Lee Sin,other,Jungle,4,7,3,1.0,Loss,Blue,ranked_solo_fives,0,0,8744,10,27,1381
1411490270,Malzahar,other,Mid Lane,3,7,5,1.14,Loss,Blue,ranked_solo_fives,0,0,7467,125,17,1381
1411490270,Xayah,other,Bottom Lane,2,3,2,1.33,Loss,Blue,ranked_solo_fives,0,0,8149,159,15,1381
1411490270,Pyke,other,Utility,0,9,4,0.44,Loss,Blue,ranked_solo_fives,0,0,5582,34,35,1381
1411490270,Twisted Fate,user,Top Lane,3,2,8,5.5,Win,Red,ranked_solo_fives,0,1,9984,149,8,1381
1411490270,Karthus,other,Jungle,5,3,12,5.67,Win,Red,ranked_solo_fives,0,0,10526,15,32,1381
1411490270,Garen,other,Mid Lane,6,3,3,3.0,Win,Red,ranked_solo_fives,0,0,10837,166,20,1381
1411490270,Kai'Sa,other,Bottom Lane,10,1,4,14.0,Win,Red,ranked_solo_fives,1,0,11008,173,12,1381
1411490270,Shen,other,Utility,4,2,12,8.0,Win,Red,ranked_solo_fives,0,0,7877,21,32,1381
1411353556,Lux,other,Mid Lane,3,3,7,3.33,Loss,Blue,ranked_flex_fives,0,0,10112,209,13,1623
1411353556,Morgana,other,Utility,1,11,6,0.64,Loss,Blue,ranked_flex_fives,0,0,6729,39,35,1623
1411353556,Yone,user,Top Lane,0,10,2,0.2,Loss,Blue,ranked_flex_fives,0,0,7369,150,16,1623
1411353556,Vi,other,Jungle,1,6,7,1.33,Loss,Blue,ranked_flex_fives,0,0,9333,15,9,1623
1411353556,Caitlyn,other,Bottom Lane,7,6,4,1.83,Loss,Blue,ranked_flex_fives,0,0,10845,141,5,1623
1411353556,Vladimir,other,Mid Lane,1,1,8,9.0,Win,Red,ranked_flex_fives,0,0,10374,192,31,1623
1411353556,Shen,other,Top Lane,8,3,7,5.0,Win,Red,ranked_flex_fives,0,0,10274,130,12,1623
1411353556,Kha'Zix,other,Jungle,17,5,6,4.6,Win,Red,ranked_flex_fives,0,0,15233,18,21,1623
1411353556,Xayah,other,Bottom Lane,10,2,4,7.0,Win,Red,ranked_flex_fives,1,1,14464,253,18,1623
1411353556,Blitzcrank,other,Utility,0,2,13,6.5,Win,Red,ranked_flex_fives,0,0,7528,18,67,1623
1411348529,Lux,other,Mid Lane,8,1,12,20.0,Win,Blue,ranked_flex_fives,1,0,10014,163,15,1374
1411348529,Thresh,other,Utility,4,1,17,21.0,Win,Blue,ranked_flex_fives,0,0,7520,36,30,1374
1411348529,Yone,user,Top Lane,4,2,6,5.0,Win,Blue,ranked_flex_fives,0,0,10374,173,12,1374
1411348529,Lee Sin,other,Jungle,5,1,14,19.0,Win,Blue,ranked_flex_fives,0,0,10069,21,29,1374
1411348529,Jinx,other,Bottom Lane,9,1,6,15.0,Win,Blue,ranked_flex_fives,0,0,11314,172,14,1374
1411348529,Draven,other,Bottom Lane,1,7,0,0.14,Loss,Red,ranked_flex_fives,0,0,6646,145,9,1374
1411348529,Aatrox,other,Top Lane,0,5,1,0.2,Loss,Red,ranked_flex_fives,0,0,6226,126,18,1374
1411348529,Pyke,other,Utility,2,8,3,0.62,Loss,Red,ranked_flex_fives,0,0,6768,23,64,1374
1411348529,Cassiopeia,other,Mid Lane,1,5,1,0.4,Loss,Red,ranked_flex_fives,0,0,7381,170,20,1374
1411348529,Vi,other,Jungle,2,5,1,0.6,Loss,Red,ranked_flex_fives,0,0,7437,33,26,1374
1411341352,Zoe,other,Mid Lane,7,9,4,1.22,Loss,Blue,ranked_flex_fives,1,0,11060,160,15,1788
1411341352,Nami,other,Utility,0,7,11,1.57,Loss,Blue,ranked_flex_fives,0,0,7133,21,70,1788
1411341352,Sion,user,Top Lane,9,5,5,2.8,Loss,Blue,ranked_flex_fives,0,0,14522,240,18,1788
1411341352,Jarvan IV,other,Jungle,6,7,12,2.57,Loss,Blue,ranked_flex_fives,0,0,11373,21,36,1788
1411341352,Caitlyn,other,Bottom Lane,7,8,5,1.5,Loss,Blue,ranked_flex_fives,0,1,12096,209,22,1788
1411341352,Brand,other,Jungle,5,5,11,3.2,Win,Red,ranked_flex_fives,0,0,12779,51,25,1788
1411341352,Alistar,other,Utility,1,3,17,6.0,Win,Red,ranked_flex_fives,0,0,8239,22,65,1788
1411341352,Yasuo,other,Mid Lane,16,8,4,2.5,Win,Red,ranked_flex_fives,0,0,16768,232,13,1788
1411341352,Tryndamere,other,Top Lane,5,9,4,1.0,Win,Red,ranked_flex_fives,0,0,12333,163,9,1788
1411341352,Jinx,other,Bottom Lane,9,4,9,4.5,Win,Red,ranked_flex_fives,0,0,13312,199,12,1788
1411249763,Yorick,other,Top Lane,2,10,10,1.2,Win,Blue,ranked_solo_fives,0,0,18741,332,40,2726
1411249763,Karthus,other,Jungle,6,9,7,1.44,Win,Blue,ranked_solo_fives,0,0,18036,66,26,2726
1411249763,Veigar,other,Mid Lane,8,8,8,2.0,Win,Blue,ranked_solo_fives,0,0,20650,315,39,2726
1411249763,Ashe,other,Bottom Lane,8,4,11,4.75,Win,Blue,ranked_solo_fives,0,0,19890,291,45,2726
1411249763,Thresh,other,Utility,3,10,13,1.6,Win,Blue,ranked_solo_fives,0,0,11884,42,114,2726
1411249763,Mordekaiser,user,Top Lane,9,7,11,2.86,Loss,Red,ranked_solo_fives,1,1,19306,281,40,2726
1411249763,Morgana,other,Jungle,6,6,17,3.83,Loss,Red,ranked_solo_fives,0,0,17995,132,52,2726
1411249763,Vex,other,Mid Lane,12,7,11,3.29,Loss,Red,ranked_solo_fives,0,0,16530,244,28,2726
1411249763,Kai'Sa,other,Bottom Lane,8,6,7,2.5,Loss,Red,ranked_solo_fives,0,0,19574,350,28,2726
1411249763,Soraka,other,Utility,5,1,19,24.0,Loss,Red,ranked_solo_fives,0,0,12868,84,85,2726
1411237731,Mordekaiser,other,Top Lane,7,4,5,3.0,Win,Blue,ranked_solo_fives,0,0,13413,210,30,1886
1411237731,Rengar,other,Jungle,10,4,5,3.75,Win,Blue,ranked_solo_fives,0,0,14952,52,24,1886
1411237731,Talon,other,Mid Lane,8,4,4,3.0,Win,Blue,ranked_solo_fives,1,0,14431,244,15,1886
1411237731,Jinx,other,Bottom Lane,7,3,6,4.33,Win,Blue,ranked_solo_fives,0,0,13347,220,26,1886
1411237731,Janna,other,Utility,1,4,14,3.75,Win,Blue,ranked_solo_fives,0,0,9099,27,85,1886
1411237731,Gangplank,user,Top Lane,1,7,5,0.86,Loss,Red,ranked_solo_fives,0,0,11738,207,20,1886
1411237731,Udyr,other,Jungle,4,6,6,1.67,Loss,Red,ranked_solo_fives,0,1,12511,71,23,1886
1411237731,Zoe,other,Mid Lane,5,7,3,1.14,Loss,Red,ranked_solo_fives,0,0,11009,153,26,1886
1411237731,Jhin,other,Bottom Lane,6,3,2,2.67,Loss,Red,ranked_solo_fives,0,0,11703,201,17,1886
1411237731,Lux,other,Utility,3,10,8,1.1,Loss,Red,ranked_solo_fives,0,0,8787,46,60,1886
